{"cameraMode":{"drawMode":0,"name":"Shaded","section":"Shading Mode"},"sceneLighting":true,"audioPlay":false,"sceneViewState":{"showFog":true,"showMaterialUpdate":false,"showSkybox":false,"showFlares":true,"showImageEffects":true,"showParticleSystems":true},"in2DMode":false,"pivot":{"x":-26.458051681518556,"y":8.05583667755127,"z":1.0},"rotation":{"x":0.011897632852196694,"y":-0.9878811240196228,"z":0.09812008589506149,"w":0.11971068382263184},"size":0.3535533845424652,"orthographic":false}