{"cameraMode":{"drawMode":0,"name":"Shaded","section":"Shading Mode"},"sceneLighting":false,"audioPlay":false,"sceneViewState":{"showFog":true,"showMaterialUpdate":false,"showSkybox":false,"showFlares":true,"showImageEffects":true,"showParticleSystems":true},"in2DMode":false,"pivot":{"x":-25.381166458129884,"y":1.31954026222229,"z":5.17108154296875},"rotation":{"x":0.016293680295348169,"y":0.6226385831832886,"z":-0.014999941922724247,"w":0.7823907136917114},"size":10.645831108093262,"orthographic":false}