{"cameraMode":{"drawMode":0,"name":"Shaded","section":"Shading Mode"},"sceneLighting":false,"audioPlay":false,"sceneViewState":{"showFog":true,"showMaterialUpdate":false,"showSkybox":false,"showFlares":true,"showImageEffects":true,"showParticleSystems":true},"in2DMode":false,"pivot":{"x":4.23599910736084,"y":-2.4840145111083986,"z":2.4376039505004885},"rotation":{"x":0.2879284918308258,"y":0.3336181640625,"z":-0.10950082540512085,"w":0.8911257386207581},"size":10.817055702209473,"orthographic":false}