{"cameraMode":{"drawMode":0,"name":"Shaded","section":"Shading Mode"},"sceneLighting":false,"audioPlay":false,"sceneViewState":{"showFog":true,"showMaterialUpdate":false,"showSkybox":false,"showFlares":true,"showImageEffects":true,"showParticleSystems":true},"in2DMode":false,"pivot":{"x":-1.5000004768371583,"y":0.0000014463439583778382,"z":1.5000009536743165},"rotation":{"x":-0.41832077503204348,"y":0.3579137921333313,"z":-0.18192441761493684,"w":-0.814969539642334},"size":7.0004425048828129,"orthographic":false}