{"cameraMode":{"drawMode":0,"name":"Shaded","section":"Shading Mode"},"sceneLighting":false,"audioPlay":false,"sceneViewState":{"showFog":true,"showMaterialUpdate":false,"showSkybox":false,"showFlares":true,"showImageEffects":true,"showParticleSystems":true},"in2DMode":false,"pivot":{"x":8.799901008605957,"y":1.9176666736602784,"z":-1.4883517026901246},"rotation":{"x":0.021781308576464654,"y":0.638797402381897,"z":-0.02008449099957943,"w":0.7690000534057617},"size":10.421244621276856,"orthographic":false}