{"cameraMode":{"drawMode":0,"name":"Shaded","section":"Shading Mode"},"sceneLighting":false,"audioPlay":false,"sceneViewState":{"showFog":true,"showMaterialUpdate":false,"showSkybox":false,"showFlares":true,"showImageEffects":true,"showParticleSystems":true},"in2DMode":false,"pivot":{"x":-3.4290342330932619,"y":1.4458045959472657,"z":-1.5226316452026368},"rotation":{"x":0.018396945670247079,"y":-0.9239586591720581,"z":0.0406365767121315,"w":0.38027888536453249},"size":8.315559387207032,"orthographic":false}