{"cameraMode":{"drawMode":0,"name":"Shaded","section":"Shading Mode"},"sceneLighting":true,"audioPlay":false,"sceneViewState":{"showFog":true,"showMaterialUpdate":false,"showSkybox":true,"showFlares":true,"showImageEffects":true,"showParticleSystems":true},"in2DMode":false,"pivot":{"x":-44.619014739990237,"y":82.83175659179688,"z":-36.62794494628906},"rotation":{"x":-0.15316656231880189,"y":-0.7811802625656128,"z":0.567546546459198,"w":-0.21228283643722535},"size":334.8420715332031,"orthographic":false}