{"cameraMode":{"drawMode":0,"name":"Shaded","section":"Shading Mode"},"sceneLighting":true,"audioPlay":false,"sceneViewState":{"showFog":true,"showMaterialUpdate":false,"showSkybox":true,"showFlares":true,"showImageEffects":true,"showParticleSystems":true},"in2DMode":false,"pivot":{"x":-62.763973236083987,"y":1.0305428504943848,"z":136.5146484375},"rotation":{"x":0.0041133807972073559,"y":-0.9956662058830261,"z":0.075715571641922,"w":0.054108232259750369},"size":7.862824440002441,"orthographic":false}