{"cameraMode":{"drawMode":0,"name":"Shaded","section":"Shading Mode"},"sceneLighting":false,"audioPlay":false,"sceneViewState":{"showFog":true,"showMaterialUpdate":false,"showSkybox":false,"showFlares":true,"showImageEffects":true,"showParticleSystems":true},"in2DMode":false,"pivot":{"x":-14.501387596130371,"y":4.593069076538086,"z":-3.5529370307922365},"rotation":{"x":-0.26039183139801028,"y":0.646821916103363,"z":0.24819019436836244,"w":0.672700822353363},"size":10.564520835876465,"orthographic":false}