{"cameraMode":{"drawMode":0,"name":"Shaded","section":"Shading Mode"},"sceneLighting":false,"audioPlay":false,"sceneViewState":{"showFog":true,"showMaterialUpdate":false,"showSkybox":false,"showFlares":true,"showImageEffects":true,"showParticleSystems":true},"in2DMode":false,"pivot":{"x":-7.238951206207275,"y":-1.367783546447754,"z":0.27001190185546877},"rotation":{"x":-0.252551406621933,"y":0.3761385977268219,"z":-0.10524792969226837,"w":-0.8854231238365173},"size":20.142574310302736,"orthographic":false}