{"cameraMode":{"drawMode":0,"name":"Shaded","section":"Shading Mode"},"sceneLighting":true,"audioPlay":false,"sceneViewState":{"showFog":true,"showMaterialUpdate":false,"showSkybox":true,"showFlares":true,"showImageEffects":true,"showParticleSystems":true},"in2DMode":false,"pivot":{"x":33.86735153198242,"y":2.3004181385040285,"z":0.2417830526828766},"rotation":{"x":-0.0031819709111005069,"y":-0.7070998549461365,"z":-0.003181970678269863,"w":0.7070993185043335},"size":0.3142767548561096,"orthographic":false}