{"cameraMode":{"drawMode":0,"name":"Shaded","section":"Shading Mode"},"sceneLighting":false,"audioPlay":false,"sceneViewState":{"showFog":true,"showMaterialUpdate":false,"showSkybox":false,"showFlares":true,"showImageEffects":true,"showParticleSystems":true},"in2DMode":false,"pivot":{"x":32.231998443603519,"y":2.865583896636963,"z":18.0616455078125},"rotation":{"x":-0.03803365305066109,"y":-0.9344843626022339,"z":0.3383447527885437,"w":-0.10465024411678314},"size":5.661388397216797,"orthographic":false}