{"cameraMode":{"drawMode":0,"name":"Shaded","section":"Shading Mode"},"sceneLighting":false,"audioPlay":false,"sceneViewState":{"showFog":true,"showMaterialUpdate":false,"showSkybox":false,"showFlares":true,"showImageEffects":true,"showParticleSystems":true},"in2DMode":false,"pivot":{"x":1.1482734680175782,"y":-0.9098749756813049,"z":0.003515779972076416},"rotation":{"x":-0.0010234934743493796,"y":-0.9980967044830322,"z":0.017280032858252527,"w":-0.0596662275493145},"size":0.7580653429031372,"orthographic":false}