{"cameraMode":{"drawMode":0,"name":"Shaded","section":"Shading Mode"},"sceneLighting":false,"audioPlay":false,"sceneViewState":{"showFog":true,"showMaterialUpdate":false,"showSkybox":false,"showFlares":true,"showImageEffects":true,"showParticleSystems":true},"in2DMode":false,"pivot":{"x":-0.0617523193359375,"y":20.091299057006837,"z":1.5406990051269532},"rotation":{"x":-0.22743433713912965,"y":0.08372027426958084,"z":-0.019630873575806619,"w":-0.9699931144714356},"size":644.1146240234375,"orthographic":false}