{"cameraMode":{"drawMode":0,"name":"Shaded","section":"Shading Mode"},"sceneLighting":true,"audioPlay":false,"sceneViewState":{"showFog":true,"showMaterialUpdate":false,"showSkybox":true,"showFlares":true,"showImageEffects":true,"showParticleSystems":true},"in2DMode":false,"pivot":{"x":35.795936584472659,"y":2.1821749210357668,"z":-4.395654201507568},"rotation":{"x":0.003634850960224867,"y":0.9822877049446106,"z":-0.01915714517235756,"w":0.18636801838874818},"size":6.397339344024658,"orthographic":false}