{"cameraMode":{"drawMode":0,"name":"Shaded","section":"Shading Mode"},"sceneLighting":false,"audioPlay":false,"sceneViewState":{"showFog":true,"showMaterialUpdate":false,"showSkybox":false,"showFlares":true,"showImageEffects":true,"showParticleSystems":true},"in2DMode":false,"pivot":{"x":-21.513751983642579,"y":3.297039031982422,"z":-0.4178781509399414},"rotation":{"x":0.0036952500231564047,"y":0.8142085075378418,"z":-0.007914678193628788,"w":0.5807681083679199},"size":23.92938232421875,"orthographic":false}